LND 96800,Lund 96800 Genesis Elite Roll Up Tonneau Bed Cover 88-98 Chevy Truck 8' Long Box
LND 96801,Lund 96801 Genesis Elite Roll Up Tonneau Bed Cover 88-99 Chevy Truck 6.5' Box
LND 96806,Lund 96806 Genesis Elite Roll Up Tonneau Bed Cover 2004 Chevy S10 6' Box
LND 96807,Lund 96807 Genesis Elite Roll Up Tonneau Bed Cover 94-03 Chevy S10 6' Box
LND 96813,Lund 96813 Genesis Elite Roll Up Tonneau Bed Cover 82-11 Ford Ranger 7' Long Bed
LND 96814,Lund 96814 Genesis Elite Roll Up Tonneau Bed Cover 82-11 Ford Ranger 6' Box
LND 96815,Lund 96815 Genesis Elite Roll Up Tonneau Bed Cover 93-11 Ford Ranger Flareside
LND 96816,Lund 96816 Genesis Elite Roll Up Tonneau Bed Cover 94-01 Dodge Ram 8' Box
LND 96817,Lund 96817 Genesis Elite Roll Up Tonneau Bed Cover 94-01 Dodge Ram 6.5' Box
LND 96820,Lund 96820 Genesis Elite Roll Up Tonneau Bed Cover 07-16 Toyota Tundra 5.5' Bed
LND 96821,Lund 96821 Genesis Elite Roll Up Tonneau Bed Cover 07-14 Toyota Tundra 6.5' Box
LND 96822,Lund 96822 Genesis Elite Roll Up Tonneau Bed Cover 07-16 Toyota Tundra 8' Box
LND 96835,Lund 96835 Genesis Elite Roll Up Tonneau Bed Cover 2004 Ford Heritage 8' Box
LND 96836,Lund 96836 Genesis Elite Roll Up Tonneau Bed Cover 2004 Ford F-150 6.5' Box
LND 96837,Lund 96837 Genesis Elite Roll Up Tonneau Bed Cover 2004 Ford Heritage Flareside
LND 96847,Lund 96847 Genesis Elite Roll Up Tonneau Bed Cover 95-04 Toyota Tacoma 6' Box
LND 96849,Lund 96849 Genesis Elite Roll Up Tonneau Bed Cover 96-04 Dodge Dakota 6.5' Box
LND 96850,Lund 96850 Genesis Elite Roll Up Tonneau Bed Cover 99-13 Ford Superduty 6.5' Box
LND 96851,Lund 96851 Genesis Elite Roll Up Tonneau Bed Cover 1999-13 Ford Superduty 8' Box
LND 96852,Lund 96852 Genesis Elite Roll Up Tonneau Bed Cover 01-07 Chevy Silverado 8' Box
LND 96853,Lund 96853 Genesis Elite Roll Up Tonneau Bed Cover 99-07 Chevy Silverado 6.5'
LND 96856,Lund 96856 Genesis Elite Roll Up Tonneau Bed Cover For 01-04 Nissan Frontier
LND 96861,Lund 96861 Genesis Elite Roll Up Tonneau Bed Cover For 01-04 Nissan Frontier
LND 96862,Lund 96862 Genesis Elite Roll Up Tonneau Bed Cover 00-04 Dodge Dakota 5' Box
LND 96863,Lund 96863 Genesis Elite Roll Up Tonneau Bed Cover 02-16 Dodge Ram 8' Long  Box
LND 96864,Lund 96864 Genesis Elite Roll Up Tonneau Bed Cover 02-16 Dodge Ram 6.5' Box
LND 96865,Lund 96865 Genesis Elite Roll Up Tonneau Bed Cover 2002-2016 Dodge Ram 5.5' Bed
LND 96870,Lund 96870 Genesis Elite Roll Up Tonneau Bed Cover 02-06 Toyota Tundra 6' Box
LND 96871,Lund 96871 Genesis Elite Roll Up Tonneau Bed Cover 94-04 Chevy S-10 4.5' Box
LND 96872,Lund 96872 Genesis Elite Roll Up Tonneau Bed Cover 2004-2016 Ford F-150 5.5' Box
LND 96873,Lund 96873 Genesis Elite Roll Up Tonneau Bed Cover 04-16 Ford F-150 6.5' Box
LND 96874,Lund 96874 Genesis Elite Roll Up Tonneau Bed Cover 04-16 Ford F-150 8' Long Box
LND 96878,Lund 96878 Genesis Elite Roll Up Tonneau Bed Cover 03-04 Toyota Tacoma 5' Box
LND 96879,Lund 96879 Genesis Elite Roll Up Tonneau Bed Cover 04-12 Chevy Colorado 6' Box
LND 96880,Lund 96880 Genesis Elite Roll Up Tonneau Bed Cover 04-12 Chevy Colorado 5' Box
LND 96881,Lund 96881 Genesis Elite Roll Up Tonneau Bed Cover For 04-15 Nissan Titan 6.5'
LND 96882,Lund 96882 Genesis Elite Roll Up Tonneau Bed Cover For 04-15 Nissan Titan 5.5'
LND 96883,Lund 96883 Genesis Elite Roll Up Tonneau Bed Cover 04-06 Toyota Tundra 6' Box
LND 96884,Lund 96884 Genesis Elite Roll Up Tonneau Bed Cover 04-07 Chevy Silverado 5.5'
LND 96885,Lund 96885 Genesis Elite Roll Up Tonneau Bed Cover 05-13 Toyota Tacoma 6' Box
LND 96886,Lund 96886 Genesis Elite Roll Up Tonneau Bed Cover 05-13 Toyota Tacoma 5' Box
LND 96887,Lund 96887 Genesis Elite Roll Up Tonneau Bed Cover 05-12 Dodge Dakota 6.5' Box
LND 96888,Lund 96888 Genesis Elite Roll Up Tonneau Bed Cover 05-12 Dodge Dakota 5' Box
LND 96889,Lund 96889 Genesis Elite Roll Up Tonneau Bed Cover For 05-12 Nissan Frontier 6'
LND 96890,Lund 96890 Genesis Elite Roll Up Tonneau Bed Cover For 05-12 Nissan Frontier 5'
LND 96892,Lund 96892 Genesis Elite Roll Up Tonneau Bed Cover 2007-17 Chevy Silverado 5.5'
LND 96892,Lund 96892 Genesis Elite Roll Up Tonneau Bed Cover 2007-2017 GMC Sierra 5.5' Bed
LND 96893,Lund 96893 Genesis Elite Roll Up Tonneau Cover 2007-2017 GMC Sierra 6.5' Bed
LND 96893,Lund 96893 Genesis Elite Roll Up Tonneau Cover 2007-17 Chevy Silverado 6.5' Bed
LND 96894,Lund 96894 Genesis Elite Roll Up Tonneau Cover 2007-2017 Chevy Silverado 8' Bed
LND 96894,Lund 96894 Genesis Elite Roll Up Tonneau Cover 2007-2017 GMC Sierra 8' Bed
