"sku","quantity"
"ARC 8601-CTKIT",28
"ARC PC383FT-030",0
"ARC SBC20064A",0
"KIR 00100-1KIT",0
"KMJ 101",6
"KMJ 102",9
"KMJ 103",0
"KMJ 1030211-114KIT",91
"KMJ 1030213-114KIT",0
"KMJ 1035001-104KIT",0
"KMJ 1035001-105KIT",39
"KMJ 1035001-106KIT",150
"KMJ 1035001-107KIT",14
"KMJ 1035001-108KIT",0
"KMJ 1035001-109KIT",54
"KMJ 1035001-110KIT",0
"KMJ 1035001-111KIT",82
"KMJ 1035001-112KIT",94
"KMJ 1035001-113KIT",89
"KMJ 1035001-114KIT",250
"KMJ 1035001-115KIT",0
"KMJ 1035002-100KIT",60
"KMJ 1035002-101KIT",0
"KMJ 1035002-102KIT",25
"KMJ 1035002-108KIT",90
"KMJ 1035002-109KIT",54
"KMJ 1035002-110KIT",0
"KMJ 1035002-111KIT",0
"KMJ 1035002-112KIT",0
"KMJ 1035002-113KIT",89
"KMJ 1035002-114KIT",179
"KMJ 1035002-115KIT",0
"KMJ 1035004-104KIT",52
"KMJ 1035004-105KIT",39
"KMJ 1035004-107KIT",14
"KMJ 1035004-108KIT",90
"KMJ 1035004-109KIT",54
"KMJ 1035004-110KIT",346
"KMJ 1035004-111KIT",82
"KMJ 1035004-112KIT",94
"KMJ 1035004-113KIT",89
"KMJ 1035004-114KIT",250
"KMJ 1035004-115KIT",0
"KMJ 1035011-104KIT",52
"KMJ 1035011-105KIT",39
"KMJ 1035011-106KIT",97
"KMJ 1035011-107KIT",14
"KMJ 1035011-108KIT",90
"KMJ 1035011-109KIT",54
"KMJ 1035011-110KIT",97
"KMJ 1035011-111KIT",82
"KMJ 1035011-112KIT",94
"KMJ 1035011-113KIT",89
"KMJ 1035011-114KIT",97
"KMJ 1035012-108KIT",90
"KMJ 1035012-109KIT",54
"KMJ 1035012-110KIT",123
"KMJ 1035012-111KIT",82
"KMJ 1035012-112KIT",94
"KMJ 1035012-113KIT",89
"KMJ 1035012-114KIT",123
"KMJ 1035012-115KIT",0
"KMJ 1035113-114KIT",160
"KMJ 104",0
"KMJ 1040-2KIT",0
"KMJ 1040011-112KIT",94
"KMJ 1041-2KIT",0
"KMJ 1045511-112KIT",0
"KMJ 105",13
"KMJ 1050-2KIT",0
"KMJ 1057BK-50KIT",209
"KMJ 1057BL-50KIT",119
"KMJ 1057CA-50KIT",137
"KMJ 1057R-50KIT",435
"KMJ 106",9
"KMJ 107",7
"KMJ 108",63
"KMJ 109",12
"KMJ 110",9
"KMJ 111",10
"KMJ 111003-21KIT",5
"KMJ 11101-2KIT",11
"KMJ 111015-22KIT",0
"KMJ 111026-22KIT",0
"KMJ 111026-23KIT",0
"KMJ 1130211-116KIT",0
"KMJ 1130211-117KIT",0
"KMJ 1130211-118KIT",0
"KMJ 1131811-116KIT",21
"KMJ 1131811-117KIT",75
"KMJ 1131811-118KIT",116
"KMJ 1135011-116KIT",0
"KMJ 1135011-117KIT",0
"KMJ 1135011-118KIT",0
"KMJ 1135111-116KIT",21
"KMJ 1135111-117KIT",75
"KMJ 1135111-118KIT",129
"KMJ 1141-2KIT",0
"KMJ 1142-2KIT",0
"KMJ 1142N6-1KIT",0
"KMJ 1142P12-2KIT",0
"KMJ 1142P6-1KIT",0
"KMJ 1143-2KIT",0
"KMJ 1143P12-2KIT",0
"KMJ 1143P6-1KIT",0
"KMJ 1144011-116KIT",21
"KMJ 1144011-117KIT",75
"KMJ 1144011-118KIT",102
"KMJ 1144A-2KIT",0
"KMJ 1145A-2KIT",0
"KMJ 1145AN6-1KIT",0
"KMJ 1145AP12-2KIT",0
"KMJ 1146011-116KIT",18
"KMJ 1146011-117KIT",18
"KMJ 1146011-118KIT",18
"KMJ 1146A-2KIT",17
"KMJ 1146A-3KIT",17
"KMJ 1146AP12-2KIT",0
"KMJ 1149-2KIT",0
"KMJ 1149P12-2KIT",0
"KMJ 1161-2KIT",0
"KMJ 1161N6-1KIT",0
"KMJ 1162A-2KIT",14
"KMJ 1163A-2KIT",6
"KMJ 1163A-3KIT",0
"KMJ 1163AP12-2KIT",0
"KMJ 1163AP6-1KIT",0
"KMJ 1164-2KIT",0
"KMJ 1164N6-1KIT",0
"KMJ 1165-2KIT",0
"KMJ 1168LS-2KIT",6
"KMJ 1168LSN6-1KIT",0
"KMJ 1168LSP12-2KIT",0
"KMJ 1168LSP6-1KIT",8
"KMJ 1169-2KIT",0
"KMJ 1181-1KIT",22
"KMJ 1181LS-1KIT",7
"KMJ 1183-1KIT",0
"KMJ 1183N6-5KIT",0
"KMJ 1183P12-1KIT",0
"KMJ 1183P6-5KIT",6
"KMJ 1231-2KIT",0
"KMJ 1241LS-2KIT",0
"KMJ 1243A-2KIT",0
"KMJ 1244A-2KIT",7
"KMJ 1244AN6-1KIT",0
"KMJ 1244AP12-2KIT",0
"KMJ 1244AP6-1KIT",0
"KMJ 1248A-2KIT",0
"KMJ 1249-2KIT",0
"KMJ 125RLkit",30
"KMJ 1261-2KIT",10
"KMJ 1262-2KIT",0
"KMJ 1263-2KIT",0
"KMJ 1264-2KIT",0
"KMJ 1266-2KIT",8
"KMJ 1266N6-1KIT",0
"KMJ 1266P6-1KIT",0
"KMJ 1281-1KIT",48
"KMJ 1281DV-1KIT",0
"KMJ 1281P6-5KIT",0
"KMJ 1282-1KIT",6
"KMJ 1282N6-5KIT",0
"KMJ 1282P6-5KIT",0
"KMJ 1283-1KIT",0
"KMJ 1283N6-5KIT",0
"KMJ 1283P12-2KIT",0
"KMJ 1283P6-5KIT",0
"KMJ 1284-1KIT",0
"KMJ 1285LS-1KIT",0
"KMJ 1285LSN6-1KIT",0
"KMJ 1285LSP12-1KIT",0
"KMJ 1285LSP6-1KIT",0
"KMJ 1361A-2KIT",5
"KMJ 1362-2KIT",0
"KMJ 1362N6-1KIT",0
"KMJ 1362P6-1KIT",5
"KMJ 1381A-1KIT",0
"KMJ 1382-1KIT",0
"KMJ 1383-1KIT",0
"KMJ 1383P6-5KIT",0
"KMJ 1384-1KIT",0
"KMJ 1441A-2KIT",0
"KMJ 1442-2KIT",13
"KMJ 1442N6-1KIT",0
"KMJ 1442P12-2KIT",0
"KMJ 1442P6-1KIT",7
"KMJ 1461-2KIT",0
"KMJ 1481-1KIT",0
"KMJ 1482-1KIT",0
"KMJ 1483A-1KIT",0
"KMJ 1484A-1KIT",0
"KMJ 1485A-1KIT",0
"KMJ 1511-2KIT",0
"KMJ 15121-5KIT",0
"KMJ 1541-2KIT",7
"KMJ 1541N6-1KIT",0
"KMJ 1541P12-2KIT",0
"KMJ 1541P6-1KIT",0
"KMJ 1542-2KIT",0
"KMJ 1542N6-1KIT",0
"KMJ 1542P12-2KIT",0
"KMJ 1542P6-1KIT",0
"KMJ 1543-2KIT",0
"KMJ 1544-2KIT",0
"KMJ 1544P12-2KIT",0
"KMJ 1545N6-1KIT",0
"KMJ 1545P6-1KIT",0
"KMJ 1546-2KIT",0
"KMJ 1546N6-1KIT",0
"KMJ 1548-2KIT",0
"KMJ 1548N6-1KIT",0
"KMJ 1549-2KIT",0
"KMJ 1549N6-1KIT",0
"KMJ 1561-2KIT",0
"KMJ 1561P12-2KIT",0
"KMJ 1561P6-1KIT",0
"KMJ 1562-2KIT",0
"KMJ 1562P12-2KIT",0
"KMJ 1563B-2KIT",0
"KMJ 1564-2KIT",0
"KMJ 1564N6-1KIT",0
"KMJ 1564P12-2KIT",0
"KMJ 1564P6-1KIT",0
"KMJ 1565-2KIT",0
"KMJ 1566-2KIT",0
"KMJ 1567-2KIT",0
"KMJ 1567A-2KIT",0
"KMJ 1567AN6-1KIT",0
"KMJ 1568-2KIT",0
"KMJ 1568N6-1KIT",0
"KMJ 1568P6-1KIT",0
"KMJ 1569-2KIT",0
"KMJ 1569N6-1KIT",0
"KMJ 1569P6-1KIT",0
"KMJ 15801-2KIT",0
"KMJ 15802-1KIT",0
"KMJ 15802-2KIT",0
"KMJ 15803-2KIT",0
"KMJ 15805-1KIT",0
"KMJ 15805-2KIT",0
"KMJ 15806-2KIT",0
"KMJ 15807-2KIT",0
"KMJ 1581-1KIT",5
"KMJ 15811-1KIT",12
"KMJ 15811-2KIT",18
"KMJ 15816-2KIT",0
"KMJ 15817-1KIT",0
"KMJ 15817-2KIT",0
"KMJ 15818-2KIT",0
"KMJ 15819-2KIT",0
"KMJ 1581N6-5KIT",0
"KMJ 1582-1KIT",0
"KMJ 15820-2KIT",0
"KMJ 15822-2KIT",0
"KMJ 1584-1KIT",0
"KMJ 1585A-1KIT",0
"KMJ 1585AP6-5KIT",0
"KMJ 1587-1KIT",0
"KMJ 1587P6-5KIT",0
"KMJ 1589-1KIT",0
"KMJ 1631-2KIT",0
"KMJ 1632-2KIT",0
"KMJ 1641-2KIT",0
"KMJ 1642-2KIT",0
"KMJ 1645-2KIT",0
"KMJ 1647-2KIT",0
"KMJ 165200-1KIT",7
"KMJ 165200-2KIT",7
"KMJ 165200-3KIT",7
"KMJ 165200-4KIT",7
"KMJ 1661-2KIT",0
"KMJ 1662-2KIT",0
"KMJ 166200-1KIT",6
"KMJ 166200-2KIT",6
"KMJ 166200-3KIT",6
"KMJ 166200-4KIT",6
"KMJ 1665A-2KIT",0
"KMJ 1741-2KIT",0
"KMJ 1761-2KIT",0
"KMJ 1762-2KIT",0
"KMJ 1762LS-2KIT",5
"KMJ 177200-1KIT",0
"KMJ 177200-2KIT",0
"KMJ 177200-3KIT",0
"KMJ 177200-4KIT",0
"KMJ 18021-3KIT",0
"KMJ 1831-2KIT",0
"KMJ 1832-2KIT",0
"KMJ 1843-2KIT",0
"KMJ 1844-2KIT",0
"KMJ 1844N6-1KIT",0
"KMJ 1845-5KIT",0
"KMJ 1845N6-1KIT",0
"KMJ 1847A-2KIT",7
"KMJ 1847AN6-1KIT",0
"KMJ 1847V-2KIT",0
"KMJ 1847VN6-1KIT",0
"KMJ 1848-2KIT",0
"KMJ 1849-2KIT",0
"KMJ 1849N6-1KIT",0
"KMJ 1862-2KIT",0
"KMJ 1863-2KIT",0
"KMJ 1864A-2KIT",0
"KMJ 1864AN6-1KIT",0
"KMJ 1864LA-2KIT",0
"KMJ 1865-2KIT",0
"KMJ 1866-2KIT",0
"KMJ 1867A-2KIT",0
"KMJ 1868-2KIT",0
"KMJ 1869-2KIT",0
"KMJ 1884-1KIT",0
"KMJ 1885-1KIT",0
"KMJ 1886-1KIT",0
"KMJ 1900001-119KIT",57
"KMJ 1900003-119KIT",108
"KMJ 1900004-119KIT",9
"KMJ 1941-2KIT",0
"KMJ 1942-2KIT",0
"KMJ 1943-2KIT",0
"KMJ 1944-2KIT",0
"KMJ 1945-2KIT",0
"KMJ 1946-2KIT",0
"KMJ 1947-2KIT",0
"KMJ 1948-2KIT",0
"KMJ 1949-2KIT",0
"KMJ 2000BK-11KIT",24
"KMJ 2000BK-12KIT",179
"KMJ 2000BK-13KIT",179
"KMJ 2000BK-20KIT",89
"KMJ 2000BK-21KIT",24
"KMJ 2000BK-22KIT",89
"KMJ 2000BK-23KIT",89
"KMJ 2000BK-40KIT",44
"KMJ 2000BK-41KIT",24
"KMJ 2000BK-42KIT",44
"KMJ 2000BK-43KIT",44
"KMJ 2000BK-44KIT",44
"KMJ 2000BL-11KIT",24
"KMJ 2000BL-12KIT",345
"KMJ 2000BL-13KIT",190
"KMJ 2000BL-20KIT",172
"KMJ 2000BL-21KIT",24
"KMJ 2000BL-22KIT",172
"KMJ 2000BL-23KIT",95
"KMJ 2000BL-40KIT",86
"KMJ 2000BL-41KIT",24
"KMJ 2000BL-42KIT",86
"KMJ 2000BL-43KIT",47
"KMJ 2000BL-44KIT",86
"KMJ 2000CM-11KIT",24
"KMJ 2000CM-12KIT",76
"KMJ 2000CM-13KIT",76
"KMJ 2000CM-20KIT",38
"KMJ 2000CM-21KIT",24
"KMJ 2000CM-22KIT",38
"KMJ 2000CM-23KIT",38
"KMJ 2000CM-40KIT",19
"KMJ 2000CM-41KIT",19
"KMJ 2000CM-42KIT",19
"KMJ 2000CM-43KIT",19
"KMJ 2000CM-44KIT",19
"KMJ 2000GR-11KIT",24
"KMJ 2000GR-121KIT",237
"KMJ 2000GR-12KIT",237
"KMJ 2000GR-131KIT",190
"KMJ 2000GR-13KIT",190
"KMJ 2000GR-20KIT",118
"KMJ 2000GR-21KIT",24
"KMJ 2000GR-22KIT",118
"KMJ 2000GR-23KIT",95
"KMJ 2000GR-40KIT",59
"KMJ 2000GR-41KIT",24
"KMJ 2000GR-42KIT",59
"KMJ 2000GR-43KIT",47
"KMJ 2000GR-44KIT",59
"KMJ 2000PK-11KIT",12
"KMJ 2000PK-12KIT",12
"KMJ 2000PK-13KIT",12
"KMJ 2000PK-201KIT",6
"KMJ 2000PK-20KIT",6
"KMJ 2000PK-21KIT",6
"KMJ 2000PK-221KIT",6
"KMJ 2000PK-22KIT",6
"KMJ 2000PK-23KIT",6
"KMJ 2000PK-40KIT",0
"KMJ 2000PK-41KIT",0
"KMJ 2000PK-42KIT",0
"KMJ 2000PK-43KIT",0
"KMJ 2000PK-44KIT",0
"KMJ 2000PT-11KIT",24
"KMJ 2000PT-12KIT",234
"KMJ 2000PT-13KIT",190
"KMJ 2000PT-20KIT",117
"KMJ 2000PT-21KIT",24
"KMJ 2000PT-22KIT",117
"KMJ 2000PT-23KIT",95
"KMJ 2000PT-40KIT",58
"KMJ 2000PT-41KIT",24
"KMJ 2000PT-42KIT",58
"KMJ 2000PT-43KIT",47
"KMJ 2000PT-44KIT",58
"KMJ 2000PU-11KIT",24
"KMJ 2000PU-121KIT",75
"KMJ 2000PU-12KIT",75
"KMJ 2000PU-131KIT",75
"KMJ 2000PU-13KIT",75
"KMJ 2000PU-20KIT",37
"KMJ 2000PU-21KIT",24
"KMJ 2000PU-221KIT",37
"KMJ 2000PU-22KIT",37
"KMJ 2000PU-231KIT",37
"KMJ 2000PU-23KIT",37
"KMJ 2000PU-40KIT",18
"KMJ 2000PU-41KIT",18
"KMJ 2000PU-42KIT",18
"KMJ 2000PU-43KIT",18
"KMJ 2000PU-44KIT",18
"KMJ 2000RD-11KIT",24
"KMJ 2000RD-121KIT",1196
"KMJ 2000RD-12KIT",1196
"KMJ 2000RD-131KIT",190
"KMJ 2000RD-13KIT",190
"KMJ 2000RD-201KIT",598
"KMJ 2000RD-20KIT",598
"KMJ 2000RD-21KIT",24
"KMJ 2000RD-221KIT",598
"KMJ 2000RD-22KIT",598
"KMJ 2000RD-23KIT",95
"KMJ 2000RD-40KIT",299
"KMJ 2000RD-41KIT",24
"KMJ 2000RD-42KIT",299
"KMJ 2000RD-43KIT",47
"KMJ 2000RD-44KIT",95
"KMJ 2000SL-11KIT",24
"KMJ 2000SL-12KIT",122
"KMJ 2000SL-13KIT",122
"KMJ 2000SL-20KIT",61
"KMJ 2000SL-21KIT",24
"KMJ 2000SL-22KIT",61
"KMJ 2000SL-23KIT",61
"KMJ 2000SL-40KIT",30
"KMJ 2000SL-41KIT",24
"KMJ 2000SL-42KIT",30
"KMJ 2000SL-43KIT",30
"KMJ 2000SL-44KIT",30
"KMJ 2016KIT",8
"KMJ 2033KIT",9
"KMJ 209608-2KIT",0
"KMJ 209609-2KIT",0
"KMJ 209612-0KIT",0
"KMJ 209613-1KIT",0
"KMJ 209614-2KIT",5
"KMJ 209615-3KIT",0
"KMJ 209616-0KIT",0
"KMJ 209617-1KIT",0
"KMJ 209618-2KIT",5
"KMJ 209619-3KIT",0
"KMJ 209624-2KIT",0
"KMJ 209625-2KIT",0
"KMJ 209626-3KIT",0
"KMJ 209627-3KIT",0
"KMJ 209633-4KIT",0
"KMJ 209634-4KIT",0
"KMJ 209635-1KIT",0
"KMJ 209636-1KIT",0
"KMJ 209670-0KIT",0
"KMJ 209671-1KIT",0
"KMJ 209672-2KIT",0
"KMJ 209673-3KIT",0
"KMJ 209674-0KIT",0
"KMJ 209675-1KIT",0
"KMJ 209676-2KIT",5
"KMJ 209677-3KIT",0
"KMJ 209678-4KIT",0
"KMJ 209679-4KIT",0
"KMJ 209689-4KIT",0
"KMJ 209690-1KIT",0
"KMJ 209691-2KIT",0
"KMJ 209692-3KIT",0
"KMJ 209694-4KIT",0
"KMJ 209695-1KIT",0
"KMJ 209697-3KIT",0
"KMJ 2161-2KIT",0
"KMJ 2161N6-1KIT",0
"KMJ 2161P6-1KIT",0
"KMJ 2295KIT",7
"KMJ 23400+23450",7
"KMJ 23400+23495",0
"KMJ 2541-2KIT",0
"KMJ 2541N6-1KIT",0
"KMJ 2542-2KIT",0
"KMJ 2561-2KIT",0
"KMJ 2561N6-1KIT",0
"KMJ 2561P6-1KIT",0
"KMJ 2562-2KIT",0
"KMJ 2801-51KIT",156
"KMJ 2801-52KIT",119
"KMJ 2801-53KIT",137
"KMJ 2801-54KIT",155
"KMJ 2802-51KIT",177
"KMJ 2802-52KIT",119
"KMJ 2802-53KIT",137
"KMJ 2802-54KIT",176
"KMJ 2803-51KIT",179
"KMJ 2803-52KIT",118
"KMJ 2803-53KIT",137
"KMJ 2803-54KIT",178
"KMJ 2841-2KIT",0
"KMJ 284112-1KIT",0
"KMJ 284112-2KIT",0
"KMJ 284112-3KIT",0
"KMJ 284117-1KIT",9
"KMJ 284117-2KIT",0
"KMJ 284117-3KIT",9
"KMJ 2842-2KIT",0
"KMJ 2843-2KIT",0
"KMJ 2843N6-1KIT",0
"KMJ 2844-2KIT",0
"KMJ 2845-2KIT",0
"KMJ 2846-2KIT",0
"KMJ 2847-2KIT",0
"KMJ 2847N6-1KIT",0
"KMJ 2848-2KIT",0
"KMJ 2861-2KIT",0
"KMJ 2862-2KIT",0
"KMJ 2863-2KIT",0
"KMJ 2865-2KIT",0
"KMJ 2866-2KIT",0
"KMJ 287-99721-99722",0
"KMJ 3000BL-11KIT",24
"KMJ 3000BL-12KIT",29
"KMJ 3000BL-13KIT",29
"KMJ 3000BL-20KIT",14
"KMJ 3000BL-21KIT",14
"KMJ 3000BL-22KIT",14
"KMJ 3000BL-23KIT",14
"KMJ 3000BL-40KIT",7
"KMJ 3000BL-41KIT",7
"KMJ 3000BL-42KIT",7
"KMJ 3000BL-43KIT",7
"KMJ 3000BL-44KIT",7
"KMJ 3000RD-11KIT",24
"KMJ 3000RD-12KIT",71
"KMJ 3000RD-13KIT",71
"KMJ 3000RD-20KIT",35
"KMJ 3000RD-21KIT",24
"KMJ 3000RD-22KIT",35
"KMJ 3000RD-23KIT",35
"KMJ 3000RD-40KIT",17
"KMJ 3000RD-41KIT",17
"KMJ 3000RD-42KIT",17
"KMJ 3000RD-43KIT",17
"KMJ 3000RD-44KIT",17
"KMJ 3000VT-11KIT",13
"KMJ 3000VT-12KIT",13
"KMJ 3000VT-13KIT",13
"KMJ 3000VT-20KIT",6
"KMJ 3000VT-21KIT",6
"KMJ 3000VT-22KIT",6
"KMJ 3000VT-23KIT",6
"KMJ 3000VT-40KIT",0
"KMJ 3000VT-41KIT",0
"KMJ 3000VT-42KIT",0
"KMJ 3000VT-43KIT",0
"KMJ 3000VT-44KIT",0
"KMJ 3000WH-11KIT",24
"KMJ 3000WH-12KIT",67
"KMJ 3000WH-13KIT",67
"KMJ 3000WH-20KIT",33
"KMJ 3000WH-21KIT",24
"KMJ 3000WH-22KIT",33
"KMJ 3000WH-23KIT",33
"KMJ 3000WH-40KIT",16
"KMJ 3000WH-41KIT",16
"KMJ 3000WH-42KIT",16
"KMJ 3000WH-43KIT",16
"KMJ 3000WH-44KIT",16
"KMJ 3042-14KIT",95
"KMJ 3042-18KIT",20
"KMJ 3045-30KIT",6
"KMJ 31M + 5809",0
"KMJ 3251+S7478X",23
"KMJ 3252+7478X",54
"KMJ 41908-KIT",0
"KMJ 4501610+A1007KIT",22
"KMJ 4501612+100924",107
"KMJ 4501612+100931",49
"KMJ 4501612+A1007KIT",22
"KMJ 4501612-KIT",191
"KMJ 5225-16KIT",190
"KMJ 5225-17KIT",95
"KMJ 5225-25KIT",1466
"KMJ 5225-26KIT",95
"KMJ 5225-45KIT",733
"KMJ 5225-46KIT",47
"KMJ 525802-42KIT-AT",0
"KMJ 525802-42KIT-MT",0
"KMJ 525802KIT",0
"KMJ 54211BK-1KIT",0
"KMJ 54211WH-1KIT",0
"KMJ 54213BK-2KIT",0
"KMJ 54213WH-2KIT",0
"KMJ 56141-1KIT",0
"KMJ 56591-1KIT",9
"KMJ 56601-1KIT",8
"KMJ 56681-1KIT",0
"KMJ 56681-2KIT",0
"KMJ 56691-1KIT",0
"KMJ 56731-1KIT",0
"KMJ 56791-2KIT",5
"KMJ 56821-1KIT",0
"KMJ 56881-1KIT",0
"KMJ 56911-1KIT",0
"KMJ 56931-1KIT",7
"KMJ 58101-1KIT",0
"KMJ 58171-1KIT",0
"KMJ 58171-2KIT",0
"KMJ 58181-1KIT",0
"KMJ 5958-1KIT",0
"KMJ 6040B+6041",54
"KMJ 6101C-SET",47
"KMJ 6101P-SET",8
"KMJ 6101P2-SET",0
"KMJ 6113P-SET",7
"KMJ 6116C-SET",79
"KMJ 6181-22KIT",0
"KMJ 6181-23KIT",0
"KMJ 6181-24KIT",0
"KMJ 6181-25KIT",0
"KMJ 6181-28KIT",0
"KMJ 6181P-20KIT",0
"KMJ 6181P-21KIT",0
"KMJ 6181P-32KIT",0
"KMJ 6181P-33KIT",0
"KMJ 6181P-34KIT",0
"KMJ 6186-22KIT",0
"KMJ 6186-23KIT",0
"KMJ 6186-24KIT",0
"KMJ 6186-25KIT",0
"KMJ 6186P-20KIT",0
"KMJ 6186P-21KIT",0
"KMJ 6186P-32KIT",0
"KMJ 6186P-33KIT",0
"KMJ 6186P-34KIT",0
"KMJ 6191-22KIT",0
"KMJ 6191-23KIT",0
"KMJ 6191-24KIT",0
"KMJ 6191-25KIT",0
"KMJ 6191-28KIT",0
"KMJ 6191P-20KIT",0
"KMJ 6191P-21KIT",0
"KMJ 6191P-32KIT",0
"KMJ 6191P-33KIT",0
"KMJ 6191P-34KIT",0
"KMJ 6196-22KIT",0
"KMJ 6196P-20KIT",0
"KMJ 6196P-21KIT",0
"KMJ 6196P-32KIT",0
"KMJ 6196P-33KIT",0
"KMJ 6196P-34KIT",0
"KMJ 6728-3-22KIT",0
"KMJ 6728-3-23KIT",47
"KMJ 6728-3-24KIT",53
"KMJ 6728-3-25KIT",26
"KMJ 6728-3-26KIT",28
"KMJ 6728-3-27KIT",48
"KMJ 6728-3-28KIT",35
"KMJ 6728-3-29KIT",8
"KMJ 6728-3P-20KIT",0
"KMJ 6728-3P-21KIT",0
"KMJ 6728-3P-32KIT",0
"KMJ 6728-3P-33KIT",0
"KMJ 6728-3P-34KIT",0
"KMJ 7005-0KIT",12
"KMJ 7005-1KIT",12
"KMJ 7005-2KIT",12
"KMJ 7005-3KIT",12
"KMJ 7005P-0KIT",28
"KMJ 7005P-1KIT",25
"KMJ 7005P-2KIT",21
"KMJ 7005P-3KIT",12
"KMJ 7005PBK-0KIT",17
"KMJ 7005PBK-1KIT",17
"KMJ 7005PBK-2KIT",17
"KMJ 7005PBK-3KIT",12
"KMJ 7104P-0KIT",24
"KMJ 7104P-1KIT",24
"KMJ 7104P-2KIT",24
"KMJ 7104P-4KIT",12
"KMJ 7104P-6KIT",12
"KMJ 7104P-8KIT",24
"KMJ 7104Z-0KIT",31
"KMJ 7104Z-1KIT",28
"KMJ 7104Z-2KIT",31
"KMJ 7104Z-4KIT",12
"KMJ 7104Z-6KIT",12
"KMJ 7104Z-8KIT",31
"KMJ 7105R-12KIT",0
"KMJ 7105Z-0KIT",12
"KMJ 7105Z-1KIT",12
"KMJ 7105Z-2KIT",12
"KMJ 7105Z-3KIT",12
"KMJ 7105Z-4KIT",12
"KMJ 7105Z-5KIT",12
"KMJ 7105Z-6KIT",12
"KMJ 7105Z-8KIT",12
"KMJ 71081PBK-0KIT",7
"KMJ 71081PBK-1KIT",7
"KMJ 71081PBK-2KIT",7
"KMJ 71081PBK-3KIT",7
"KMJ 71081PBK-4KIT",7
"KMJ 71081PBK-5KIT",7
"KMJ 71081PBK-6KIT",7
"KMJ 7108P-0KIT",23
"KMJ 7108P-1KIT",23
"KMJ 7108P-2KIT",23
"KMJ 7108P-3KIT",21
"KMJ 7108P-4KIT",12
"KMJ 7108P-5KIT",21
"KMJ 7108P-6KIT",12
"KMJ 7108P-7KIT",23
"KMJ 7108Z-0KIT",13
"KMJ 7108Z-1KIT",13
"KMJ 7108Z-2KIT",13
"KMJ 7108Z-3KIT",13
"KMJ 7108Z-4KIT",12
"KMJ 7108Z-6KIT",12
"KMJ 7108Z-7KIT",13
"KMJ 711001-0KIT",120
"KMJ 711011-0KIT",65
"KMJ 711021-0KIT",16
"KMJ 7117P-7KIT",43
"KMJ 7117P-8KIT",43
"KMJ 7117R-7KIT",16
"KMJ 7117R-8KIT",16
"KMJ 7117Z-7KIT",58
"KMJ 7117Z-8KIT",50
"KMJ 71181-4KIT",0
"KMJ 71281-4KIT",0
"KMJ 71281D-4KIT",0
"KMJ 71381A-4KIT",0
"KMJ 7195BOXW-KNNKIT",23
"KMJ 7201P-0KIT",9
"KMJ 7201P-2KIT",9
"KMJ 7201P-5KIT",9
"KMJ 7201P-6KIT",9
"KMJ 7201P-8KIT",9
"KMJ 7201R-0KIT",7
"KMJ 7201R-2KIT",7
"KMJ 7201R-5KIT",7
"KMJ 7201R-6KIT",7
"KMJ 7201R-8KIT",7
"KMJ 7201Z-0KIT",7
"KMJ 7201Z-2KIT",7
"KMJ 7201Z-5KIT",7
"KMJ 7201Z-6KIT",7
"KMJ 7201Z-8KIT",7
"KMJ 7283KIT",14
"KMJ 7480Z-0KIT",5
"KMJ 7480Z-1KIT",5
"KMJ 7480Z-3KIT",5
"KMJ 7480Z-4KIT",5
"KMJ 7HO-181-4KIT",0
"KMJ 7ML-181-4KIT",0
"KMJ 8051-3-22KIT",0
"KMJ 8051-3-23KIT",31
"KMJ 81101-1KIT",0
"KMJ 817481-2KIT",0
"KMJ 817552-1KIT",0
"KMJ 817609-4KIT",0
"KMJ 817656-4KIT",0
"KMJ 817658-4KIT",0
"KMJ 817668-4KIT",0
"KMJ 817716-4KIT",0
"KMJ 817730-4KIT",0
"KMJ 860008-KIT",9
"KMJ 860010-KIT",0
"KMJ 870008-BLKIT",9
"KMJ 870010-BLKIT",0
"KMJ 9005-0KIT",18
"KMJ 9005-1KIT",18
"KMJ 9005-4KIT",12
"KMJ 9005P-0KIT",29
"KMJ 9005P-1KIT",25
"KMJ 9005P-4KIT",12
"KMJ 9005PBK-0KIT",14
"KMJ 9005PBK-1KIT",14
"KMJ 9005PBK-4KIT",12
"KMJ 9067-AKIT",9
"KMJ 9092-0KIT",20
"KMJ 9092-1KIT",20
"KMJ 9092-4KIT",12
"KMJ 9092PBK-0KIT",8
"KMJ 9092PBK-1KIT",8
"KMJ 9092PBK-4KIT",8
"KMJ 91144A-5KIT",0
"KMJ 91145A-5KIT",0
"KMJ 91146A-5KIT",0
"KMJ 91162A-5KIT",0
"KMJ 91163A-5KIT",0
"KMJ 91164-5KIT",0
"KMJ 91181-5KIT",5
"KMJ 91183-5KIT",0
"KMJ 9121-40KIT",13
"KMJ 9121-41KIT",13
"KMJ 9122-40KIT",10
"KMJ 9122-41KIT",10
"KMJ 9124-40KIT",13
"KMJ 91241LS-5KIT",0
"KMJ 91243A-5KIT",0
"KMJ 91261-5KIT",0
"KMJ 91262-5KIT",0
"KMJ 91266-5KIT",0
"KMJ 91281-5KIT",5
"KMJ 91281DV-5KIT",0
"KMJ 91282-5KIT",0
"KMJ 91283-5KIT",0
"KMJ 91284-5KIT",0
"KMJ 91285LS-5KIT",0
"KMJ 91361A-5KIT",0
"KMJ 91381A-5KIT",0
"KMJ 91481-5KIT",0
"KMJ 91482-5KIT",0
"KMJ 91541-5KIT",0
"KMJ 91542-5KIT",0
"KMJ 91543-5KIT",0
"KMJ 91546-5KIT",0
"KMJ 91548-5KIT",0
"KMJ 91561-5KIT",0
"KMJ 91562-5KIT",0
"KMJ 91563B-5KIT",0
"KMJ 91564-5KIT",0
"KMJ 91581-5KIT",0
"KMJ 91582-5KIT",0
"KMJ 91589-5KIT",0
"KMJ 91641-5KIT",0
"KMJ 91661-5KIT",0
"KMJ 91662-5KIT",0
"KMJ 91665A-5KIT",0
"KMJ 91762-5KIT",0
"KMJ 91847A-5KIT",0
"KMJ 91865-5KIT",0
"KMJ 91867A-5KIT",0
"KMJ 91868-5KIT",0
"KMJ 91869-5KIT",0
"KMJ 91885-5KIT",0
"KMJ 91886-5KIT",0
"KMJ 91941-5KIT",0
"KMJ 91942-5KIT",0
"KMJ 91943-5KIT",0
"KMJ 91944-5KIT",0
"KMJ 91945-5KIT",0
"KMJ 91946-5KIT",0
"KMJ 9197-40KIT",13
"KMJ 9197-41KIT",13
"KMJ 9198-40KIT",10
"KMJ 9198-41KIT",10
"KMJ 9414PBK-0KIT",15
"KMJ 9414PBK-1KIT",15
"KMJ 9414PBK-4KIT",12
"KMJ 9414PBO-0KIT",7
"KMJ 9414PBO-1KIT",7
"KMJ 9414PBO-4KIT",7
"KMJ 9705-31KIT",70
"KMJ 9705-PBK-31KIT",17
"KMJ 9715-0KIT",5
"KMJ 9715-1KIT",5
"KMJ 9715-3KIT",5
"KMJ 9715-4KIT",5
"KMJ 9725-0KIT",11
"KMJ 9725-1KIT",11
"KMJ 9725-3KIT",11
"KMJ 9725-4KIT",11
"KMJ 9725-7KIT",11
"KMJ 9725X-0KIT",24
"KMJ 9725X-1KIT",24
"KMJ 9725X-3KIT",21
"KMJ 9725X-4KIT",12
"KMJ 9726-0KIT",55
"KMJ 9726-1KIT",55
"KMJ 9726-3KIT",21
"KMJ 9726-4KIT",12
"KMJ 9726PBK-0KIT",0
"KMJ 9726PBK-1KIT",0
"KMJ 9726PBK-3KIT",0
"KMJ 9726PBK-4KIT",0
"KMJ 9728-13KIT",17
"KMJ 9728-7KIT",17
"KMJ 9728X-13KIT",25
"KMJ 9728X-7KIT",32
"KMJ 9729-13KIT",25
"KMJ 9729-7KIT",58
"KMJ 9731-0KIT",7
"KMJ 9731-1KIT",7
"KMJ 9731-3KIT",7
"KMJ 9731-4KIT",7
"KMJ 9731-7KIT",7
"KMJ 9731PBK-0KIT",11
"KMJ 9731PBK-1KIT",11
"KMJ 9731PBK-3KIT",11
"KMJ 9731Z-0KIT",8
"KMJ 9731Z-1KIT",8
"KMJ 9731Z-3KIT",8
"KMJ 9731Z-4KIT",8
"KMJ 9732PBK-0KIT",15
"KMJ 9732PBK-1KIT",15
"KMJ 9732PBK-3KIT",15
"KMJ 9732PBK-4KIT",12
"KMJ 9732Z-0KIT",9
"KMJ 9732Z-1KIT",9
"KMJ 9732Z-3KIT",9
"KMJ 9732Z-4KIT",9
"KMJ 99051-3KIT",0
"KMJ 9AC-181-5KIT",0
"KMJ 9AC-181V-5KIT",0
"KMJ 9CH-161-5KIT",0
"KMJ 9CH-181-5KIT",0
"KMJ 9FO-181-5KIT",0
"KMJ 9FO-182-5KIT",0
"KMJ 9HO-143-5KIT",0
"KMJ 9HO-181-5KIT",0
"KMJ 9HO-182-5KIT",0
"KMJ 9LU-1121A-5KIT",0
"KMJ 9LU-143-5KIT",0
"KMJ 9LU-144-5KIT",5
"KMJ 9LU-148-5KIT",0
"KMJ 9LU-163-5KIT",0
"KMJ 9LU-164-5KIT",0
"KMJ 9LU-181-5KIT",0
"KMJ 9LU-183-5KIT",0
"KMJ 9LU-281-5KIT",0
"KMJ 9MC-181-5KIT",0
"KMJ 9ML-141C-5KIT",0
"KMJ 9ML-181-5KIT",0
"KMJ 9ML-182-5KIT",0
"KMJ 9ML-186A-5KIT",0
"KMJ 9ML-187A-5KIT",0
"KMJ 9MR-161A-5KIT",0
"KMJ 9MR-LS2-5KIT",0
"KMJ 9RR-162-5KIT",0
"KMJ A4787KIT",7
"KMJ A4870BK-KIT",51
"KMJ A4870F-KIT",0
"KMJ A4870OR-KIT",66
"KMJ A5073KIT",22
"KMJ A5074KIT",24
"KMJ A5079KIT",15
"KMJ A5080KIT",57
"KMJ A6196-KIT",0
"KMJ A9069KIT",11
"KMJ A9070KIT",10
"KMJ A9072KIT",0
"KMJ A9119KIT",10
"KMJ A9238KIT",9
"KMJ A9292KIT",9
"KMJ A9293KIT",17
"KMJ A9309PAIR",15
"KMJ A9309XPAIR",18
"KMJ A9465KIT",9
"KMJ A9466KIT",15
"KMJ A9467KIT",8
"KMJ A9517PAIR",42
"KMJ A9517XPAIR",28
"KMJ A9584KIT",0
"KMJ A9608+A9605",46
"KMJ A9702 KIT",0
"KMJ A9702BK KIT",46
"KMJ AC-181-1KIT",0
"KMJ AC-181V-1KIT",0
"KMJ AC-182A-1KIT",0
"KMJ ACKIT-KNNKIT",51
"KMJ BRC0001-1KIT",5
"KMJ BRC0001H-1KIT",8
"KMJ BRC0002-1KIT",12
"KMJ BRC0002H-1KIT",47
"KMJ BRC0003-1KIT",32
"KMJ BRC0003H-1KIT",70
"KMJ BRC0004-1KIT",46
"KMJ BRC0004H-1KIT",122
"KMJ BRC0005-1KIT",15
"KMJ BRC0006-1KIT",8
"KMJ BRC0006H-1KIT",23
"KMJ BRC0015-2KIT",6
"KMJ BRC0016-2KIT",27
"KMJ BRC0017-2KIT",12
"KMJ BRC0018-2KIT",10
"KMJ BRC0020-3KIT",0
"KMJ BRC0020H-3KIT",13
"KMJ BRC0021-3KIT",0
"KMJ BRC0022-3KIT",12
"KMJ BRC0022H-3KIT",14
"KMJ BRC0023H-3KIT",33
"KMJ BRC0024H-3KIT",0
"KMJ BRC0025-3KIT",10
"KMJ BRC0025H-3KIT",11
"KMJ BRC0027H-3KIT",0
"KMJ BRC0028-3KIT",0
"KMJ BRC0028H-3KIT",7
"KMJ BRC0029-3KIT",0
"KMJ BRC0029H-3KIT",0
"KMJ BRC0031-3KIT",0
"KMJ BRC0032H-3KIT",0
"KMJ BRC2001-4KIT",0
"KMJ BRC2001H-4KIT",16
"KMJ BRC2003-4KIT",15
"KMJ BRC2003H-4KIT",27
"KMJ BRC2004-4KIT",13
"KMJ BRC2004H-4KIT",52
"KMJ CH-161-2KIT",0
"KMJ CH-181-1KIT",0
"KMJ DU-141-2KIT",0
"KMJ EP-141-2KIT",0
"KMJ EP-141N6-1KIT",0
"KMJ EP-142-2KIT",0
"KMJ ERK-SBC-350-2PRM-FT",18
"KMJ ERK-SBF-302-FT",0
"KMJ FO-181-1KIT",0
"KMJ FO-182-1KIT",0
"KMJ FP302L-1KIT",10
"KMJ FP302SR-1KIT",24
"KMJ FP302SRHO-1KIT",31
"KMJ FP305-1KIT",6
"KMJ FP350-1KIT",36
"KMJ FP396-1KIT",6
"KMJ FP400-1KIT",26
"KMJ FP454-1KIT",36
"KMJ HC6104-KIT",45
"KMJ HC7108-WKIT",14
"KMJ HL-2148-1KIT",29
"KMJ HL-2148-2KIT",39
"KMJ HO-141-2KIT",0
"KMJ HO-142-2KIT",0
"KMJ HO-161A-2KIT",0
"KMJ HO-181-1KIT",0
"KMJ HO-182-1KIT",0
"KMJ JM6652-1KIT",0
"KMJ LU-1121A-1KIT",0
"KMJ LU-1122A-1KIT",0
"KMJ LU-142A-2KIT",0
"KMJ LU-142AP12-2KIT",0
"KMJ LU-142AP6-1KIT",0
"KMJ LU-143-2KIT",0
"KMJ LU-143P12-2KIT",0
"KMJ LU-144-2KIT",0
"KMJ LU-144P12-2KIT",0
"KMJ LU-145-2KIT",0
"KMJ LU-145P12-2KIT",0
"KMJ LU-146M-2KIT",0
"KMJ LU-146MP12-2KIT",0
"KMJ LU-146P12-2KIT",0
"KMJ LU-147A-2KIT",0
"KMJ LU-148-2KIT",0
"KMJ LU-148P12-2KIT",0
"KMJ LU-149-2KIT",0
"KMJ LU-149P12-2KIT",0
"KMJ LU-161-2KIT",0
"KMJ LU-162A-2KIT",0
"KMJ LU-162AP12-2KIT",0
"KMJ LU-163-2KIT",0
"KMJ LU-164-2KIT",0
"KMJ LU-165-2KIT",0
"KMJ LU-165P12-2KIT",0
"KMJ LU-166A-2KIT",0
"KMJ LU-166AP12-2KIT",0
"KMJ LU-167-2KIT",0
"KMJ LU-168LS-2KIT",0
"KMJ LU-168LSP12-2KIT",0
"KMJ LU-181A-1KIT",0
"KMJ LU-186-1KIT",0
"KMJ LU-186P12-1KIT",0
"KMJ LU-186P6-5KIT",0
"KMJ LU-187-1KIT",0
"KMJ LU-243-2KIT",0
"KMJ LU-244-2KIT",0
"KMJ LU-263-2KIT",0
"KMJ LU-281-1KIT",0
"KMJ M55-1KIT",28
"KMJ M55-4KIT",25
"KMJ M55HV-2KIT",42
"KMJ M55HV-3KIT",25
"KMJ M68-3KIT",0
"KMJ M68HV-3KIT",0
"KMJ M77-1KIT",13
"KMJ M77HV-2KIT",23
"KMJ MA-141-2KIT",0
"KMJ MC-181-1KIT",0
"KMJ ML-141C-2KIT",0
"KMJ ML-141CP6-1KIT",0
"KMJ ML-161-2KIT",0
"KMJ ML-161P12-2KIT",0
"KMJ ML-162-2KIT",0
"KMJ ML-162P12-2KIT",0
"KMJ ML-181-1KIT",5
"KMJ ML-181P6-5KIT",0
"KMJ ML-182-1KIT",0
"KMJ ML-186A-1KIT",0
"KMJ ML-187A-1KIT",0
"KMJ ML-189-1KIT",0
"KMJ MR-143-2KIT",0
"KMJ MR-144-2KIT",0
"KMJ MR-145-2KIT",0
"KMJ MR-147-2KIT",0
"KMJ MR-161A-2KIT",0
"KMJ MR-LS1-2KIT",11
"KMJ MR-LS2-2KIT",0
"KMJ MR-LS3-2KIT",0
"KMJ NE-141-2KIT",0
"KMJ NE-141P12-2KIT",0
"KMJ NE-161-2KIT",0
"KMJ NE-161P6-2KIT",0
"KMJ PIK-M",60
"KMJ PIK-V",59
"KMJ PR230KIT",29
"KMJ PTS502A3-2KIT",0
"KMJ PTS502A4-2KIT",0
"KMJ PTS502A6-2KIT",0
"KMJ PTS503A3-2KIT",6
"KMJ PTS503A4-2KIT",5
"KMJ PTS503A6-2KIT",5
"KMJ PTS503AS-2KIT",0
"KMJ PTS504A3-2KIT",5
"KMJ PTS504A4-2KIT",0
"KMJ PTS504A6-2KIT",0
"KMJ PTS504AS-2KIT",0
"KMJ PTS508A3-2KIT",0
"KMJ PTS508A4-2KIT",0
"KMJ PTS508A6-2KIT",0
"KMJ PTS510A3-2KIT",0
"KMJ PTS510A4-2KIT",0
"KMJ PTS510AS-2KIT",0
"KMJ PTS533A3-2KIT",0
"KMJ PTS533A4-2KIT",0
"KMJ PTS533A6-2KIT",0
"KMJ RR-162-2KIT",0
"KMJ RR-162P12-2KIT",0
"KMJ RR-164-2KIT",0
"KMJ RR-164P12-2KIT",0
"KMJ RR-181-1KIT",0
"KMJ RR-181P12-1KIT",0
"KMJ RR-182-1KIT",0
"KMJ RR-BUNDLE-1",5
"KMJ RR-BUNDLE-2",0
"KMJ RR-BUNDLE-3",6
"KMJ RR-BUNDLE-4",0
"KMJ RR-BUNDLE-5",5
"KMJ RR-BUNDLE-6",0
"KMJ RR-BUNDLE-7",6
"KMJ RR-BUNDLE-8",0
"KMJ RRC1C40A",77
"KMJ RV1943XKIT",30
"KMJ S5076KIT",8
"KMJ S9190KIT",6
"KMJ SV-141-2KIT",0
"KMJ SV-142-2KIT",0
"KMJ SV-142N6-1KIT",0
"KMJ SV-161-2KIT",0
"KMJ SV-161N6-2KIT",0
"KMJ VT-1992S-5KIT",107
"KMJ WO-141-2KIT",0
"PTX 1247XT-KIT",0
