AVS 192083-B	AVS	192083-B
AVS 192099-B	AVS	192099-B
AVS 192301-B	AVS	192301-B
AVS 192326-B	AVS	192326-B
AVS 192455-B	AVS	192455-B
AVS 192503-B	AVS	192503-B
AVS 192956-B	AVS	192956-B
AVS 194001-B	AVS	194001-B
AVS 194040-B	AVS	194040-B
AVS 194056-B	AVS	194056-B
AVS 194084-B	AVS	194084-B
AVS 194101-B	AVS	194101-B
AVS 194109-B	AVS	194109-B
AVS 194133-B	AVS	194133-B
AVS 194141-B	AVS	194141-B
AVS 194155-B	AVS	194155-B
AVS 194233-B	AVS	194233-B
AVS 194243-B	AVS	194243-B
AVS 194304-B	AVS	194304-B
AVS 194318-B	AVS	194318-B
AVS 194355-B	AVS	194355-B
AVS 194425-B	AVS	194425-B
AVS 194443-B	AVS	194443-B
AVS 194514-B	AVS	194514-B
AVS 194515-B	AVS	194515-B
AVS 194528-B	AVS	194528-B
AVS 194536-B	AVS	194536-B
AVS 194550-B	AVS	194550-B
AVS 194623-B	AVS	194623-B
AVS 194655-B	AVS	194655-B
AVS 194733-B	AVS	194733-B
AVS 194738-B	AVS	194738-B
AVS 194761-B	AVS	194761-B
AVS 194819-B	AVS	194819-B
AVS 194832-B	AVS	194832-B
AVS 194953-B	AVS	194953-B
AVS 20051-B	AVS	20051-B
AVS 20149-B	AVS	20149-B
AVS 20237-B	AVS	20237-B
AVS 20309-B	AVS	20309-B
AVS 20317-B	AVS	20317-B
AVS 20516-B	AVS	20516-B
AVS 20554-B	AVS	20554-B
AVS 20604-B	AVS	20604-B
AVS 20729-B	AVS	20729-B
AVS 20901-B	AVS	20901-B
AVS 20911-B	AVS	20911-B
AVS 20942-B	AVS	20942-B
AVS 21002-B	AVS	21002-B
AVS 21022-B	AVS	21022-B
AVS 21023-B	AVS	21023-B
AVS 21136-B	AVS	21136-B
AVS 21208-B	AVS	21208-B
AVS 21421-B	AVS	21421-B
AVS 21803-B	AVS	21803-B
AVS 21851-B	AVS	21851-B
AVS 21936-B	AVS	21936-B
AVS 22516-B	AVS	22516-B
AVS 23024-B	AVS	23024-B
AVS 23252-B	AVS	23252-B
AVS 23353-B	AVS	23353-B
AVS 23448-B	AVS	23448-B
AVS 23454-B	AVS	23454-B
AVS 23814-B	AVS	23814-B
AVS 23827-B	AVS	23827-B
AVS 24023-B	AVS	24023-B
AVS 24049-B	AVS	24049-B
AVS 24051-B	AVS	24051-B
AVS 24139-B	AVS	24139-B
AVS 24157-B	AVS	24157-B
AVS 24316-B	AVS	24316-B
AVS 24320-B	AVS	24320-B
AVS 24321-B	AVS	24321-B
AVS 24432-B	AVS	24432-B
AVS 24445-B	AVS	24445-B
AVS 24503-B	AVS	24503-B
AVS 24607-B	AVS	24607-B
AVS 24616-B	AVS	24616-B
AVS 24645-B	AVS	24645-B
AVS 24700-B	AVS	24700-B
AVS 24705-B	AVS	24705-B
AVS 24723-B	AVS	24723-B
AVS 24726-B	AVS	24726-B
AVS 24818-B	AVS	24818-B
AVS 24901-B	AVS	24901-B
AVS 24929-B	AVS	24929-B
AVS 25006-B	AVS	25006-B
AVS 25016-B	AVS	25016-B
AVS 25018-B	AVS	25018-B
AVS 25027-B	AVS	25027-B
AVS 25029-B	AVS	25029-B
AVS 25032-B	AVS	25032-B
AVS 25033-B	AVS	25033-B
AVS 25035-B	AVS	25035-B
AVS 25037-B	AVS	25037-B
AVS 25039-B	AVS	25039-B
AVS 25040-B	AVS	25040-B
AVS 25043-B	AVS	25043-B
AVS 25045-B	AVS	25045-B
AVS 25046-B	AVS	25046-B
AVS 25047-B	AVS	25047-B
AVS 25053-B	AVS	25053-B
AVS 25083-B	AVS	25083-B
AVS 25102-B	AVS	25102-B
AVS 25116-B	AVS	25116-B
AVS 25120-B	AVS	25120-B
AVS 25121-B	AVS	25121-B
AVS 25124-B	AVS	25124-B
AVS 25131-B	AVS	25131-B
AVS 25148-B	AVS	25148-B
AVS 25159-B	AVS	25159-B
AVS 25226-B	AVS	25226-B
AVS 25228-B	AVS	25228-B
AVS 25246-B	AVS	25246-B
AVS 25303-B	AVS	25303-B
AVS 25314-B	AVS	25314-B
AVS 25329-B	AVS	25329-B
AVS 25330-B	AVS	25330-B
AVS 25347-B	AVS	25347-B
AVS 25402-B	AVS	25402-B
AVS 25428-B	AVS	25428-B
AVS 25429-B	AVS	25429-B
AVS 25430-B	AVS	25430-B
AVS 25439-B	AVS	25439-B
AVS 25457-B	AVS	25457-B
AVS 25502-B	AVS	25502-B
AVS 25513-B	AVS	25513-B
AVS 25519-B	AVS	25519-B
AVS 25544-B	AVS	25544-B
AVS 25558-B	AVS	25558-B
AVS 25603-B	AVS	25603-B
AVS 25627-B	AVS	25627-B
AVS 25631-B	AVS	25631-B
AVS 25654-B	AVS	25654-B
AVS 25707-B	AVS	25707-B
AVS 25720-B	AVS	25720-B
AVS 25727-B	AVS	25727-B
AVS 25738-B	AVS	25738-B
AVS 25815-B	AVS	25815-B
AVS 25823-B	AVS	25823-B
AVS 25833-B	AVS	25833-B
AVS 25837-B	AVS	25837-B
AVS 25844-B	AVS	25844-B
AVS 25902-B	AVS	25902-B
AVS 25903-B	AVS	25903-B
AVS 25905-B	AVS	25905-B
AVS 25912-B	AVS	25912-B
AVS 25918-B	AVS	25918-B
AVS 25923-B	AVS	25923-B
AVS 25940-B	AVS	25940-B
AVS 382601-BL	AVS	382601-BL
AVS 45056-B	AVS	45056-B
AVS 45059-B	AVS	45059-B
AVS 45433-B	AVS	45433-B
AVS 45551-B	AVS	45551-B
AVS 45706-B	AVS	45706-B
AVS 45718-B	AVS	45718-B
AVS 45751-B	AVS	45751-B
AVS 680033-B	AVS	680033-B
AVS 680035-B	AVS	680035-B
AVS 680045-B	AVS	680045-B
AVS 680083-B	AVS	680083-B
AVS 680102-B	AVS	680102-B
AVS 680120-B	AVS	680120-B
AVS 680159-B	AVS	680159-B
AVS 680303-B	AVS	680303-B
AVS 680314-B	AVS	680314-B
AVS 680430-B	AVS	680430-B
AVS 680503-B	AVS	680503-B
AVS 680513-B	AVS	680513-B
AVS 680631-B	AVS	680631-B
AVS 680706-B	AVS	680706-B
AVS 680815-B	AVS	680815-B
AVS 680902-B	AVS	680902-B
AVS 680912-B	AVS	680912-B
AVS 680940-B	AVS	680940-B
AVS 684040-B	AVS	684040-B
AVS 684044-B	AVS	684044-B
AVS 684355-B	AVS	684355-B
AVS 684515-B	AVS	684515-B
AVS 684623-B	AVS	684623-B
AVS 684953-B	AVS	684953-B
AVS 92006-B	AVS	92006-B
AVS 92011-B	AVS	92011-B
AVS 92054-B	AVS	92054-B
AVS 92068-B	AVS	92068-B
AVS 92077-B	AVS	92077-B
AVS 92083-B	AVS	92083-B
AVS 92099-B	AVS	92099-B
AVS 92127-B	AVS	92127-B
AVS 92153-B	AVS	92153-B
AVS 92212-B	AVS	92212-B
AVS 92301-B	AVS	92301-B
AVS 92305-B	AVS	92305-B
AVS 92310-B	AVS	92310-B
AVS 92322-B	AVS	92322-B
AVS 92326-B	AVS	92326-B
AVS 92328-B	AVS	92328-B
AVS 92331-B	AVS	92331-B
AVS 92335-B	AVS	92335-B
AVS 92352-B	AVS	92352-B
AVS 92438-B	AVS	92438-B
AVS 92455-B	AVS	92455-B
AVS 92457-B	AVS	92457-B
AVS 92503-B	AVS	92503-B
AVS 92514-B	AVS	92514-B
AVS 92607-B	AVS	92607-B
AVS 92613-B	AVS	92613-B
AVS 92620-B	AVS	92620-B
AVS 92623-B	AVS	92623-B
AVS 92659-B	AVS	92659-B
AVS 92706-B	AVS	92706-B
AVS 92741-B	AVS	92741-B
AVS 92754-B	AVS	92754-B
AVS 92803-BZ	AVS	92803-BZ
AVS 92805-B	AVS	92805-B
AVS 92908-B	AVS	92908-B
AVS 92916-B	AVS	92916-B
AVS 92925-B	AVS	92925-B
AVS 92956-B	AVS	92956-B
AVS 94003-B	AVS	94003-B
AVS 94005-B	AVS	94005-B
AVS 94007-B	AVS	94007-B
AVS 94009-B	AVS	94009-B
AVS 94033-B	AVS	94033-B
AVS 94039-B	AVS	94039-B
AVS 94040-B	AVS	94040-B
AVS 94044-B	AVS	94044-B
AVS 94056-B	AVS	94056-B
AVS 94059-B	AVS	94059-B
AVS 94063-B	AVS	94063-B
AVS 94068-B	AVS	94068-B
AVS 94072-B	AVS	94072-B
AVS 94073-B	AVS	94073-B
AVS 94074-B	AVS	94074-B
AVS 94076-B	AVS	94076-B
AVS 94095-B	AVS	94095-B
AVS 94101-B	AVS	94101-B
AVS 94104-B	AVS	94104-B
AVS 94105-B	AVS	94105-B
AVS 94109-B	AVS	94109-B
AVS 94117-B	AVS	94117-B
AVS 94119-B	AVS	94119-B
AVS 94133-B	AVS	94133-B
AVS 94135-B	AVS	94135-B
AVS 94141-B	AVS	94141-B
AVS 94153-B	AVS	94153-B
AVS 94155-B	AVS	94155-B
AVS 94157-B	AVS	94157-B
AVS 94161-B	AVS	94161-B
AVS 94162-B	AVS	94162-B
AVS 94164-B	AVS	94164-B
AVS 94165-B	AVS	94165-B
AVS 94166-B	AVS	94166-B
AVS 94181-B	AVS	94181-B
AVS 94191-B	AVS	94191-B
AVS 94206-B	AVS	94206-B
AVS 94212-B	AVS	94212-B
AVS 94228-B	AVS	94228-B
AVS 94229-B	AVS	94229-B
AVS 94231-B	AVS	94231-B
AVS 94233-B	AVS	94233-B
AVS 94234-B	AVS	94234-B
AVS 94236-B	AVS	94236-B
AVS 94240-B	AVS	94240-B
AVS 94242-B	AVS	94242-B
AVS 94243-B	AVS	94243-B
AVS 94249-B	AVS	94249-B
AVS 94251-B	AVS	94251-B
AVS 94253-B	AVS	94253-B
AVS 94298-B	AVS	94298-B
AVS 94304-B	AVS	94304-B
AVS 94308-B	AVS	94308-B
AVS 94309-B	AVS	94309-B
AVS 94318-B	AVS	94318-B
AVS 94319-B	AVS	94319-B
AVS 94320-B	AVS	94320-B
AVS 94321-B	AVS	94321-B
AVS 94323-B	AVS	94323-B
AVS 94344-B	AVS	94344-B
AVS 94350-B	AVS	94350-B
AVS 94353-B	AVS	94353-B
AVS 94355-B	AVS	94355-B
AVS 94357-B	AVS	94357-B
AVS 94358-B	AVS	94358-B
AVS 94365-B	AVS	94365-B
AVS 94403-B	AVS	94403-B
AVS 94407-B	AVS	94407-B
AVS 94413-B	AVS	94413-B
AVS 94423-B	AVS	94423-B
AVS 94425-B	AVS	94425-B
AVS 94428-B	AVS	94428-B
AVS 94443-B	AVS	94443-B
AVS 94503-B	AVS	94503-B
AVS 94505-B	AVS	94505-B
AVS 94511-B	AVS	94511-B
AVS 94512-B	AVS	94512-B
AVS 94513-B	AVS	94513-B
AVS 94514-B	AVS	94514-B
AVS 94515-B	AVS	94515-B
AVS 94522-B	AVS	94522-B
AVS 94528-B	AVS	94528-B
AVS 94536-B	AVS	94536-B
AVS 94550-B	AVS	94550-B
AVS 94555-B	AVS	94555-B
AVS 94608-B	AVS	94608-B
AVS 94615-B	AVS	94615-B
AVS 94620-B	AVS	94620-B
AVS 94621-B	AVS	94621-B
AVS 94623-B	AVS	94623-B
AVS 94624-B	AVS	94624-B
AVS 94627-B	AVS	94627-B
AVS 94632-B	AVS	94632-B
AVS 94644-B	AVS	94644-B
AVS 94650-B	AVS	94650-B
AVS 94652-B	AVS	94652-B
AVS 94655-B	AVS	94655-B
AVS 94656-B	AVS	94656-B
AVS 94688-B	AVS	94688-B
AVS 94710-B	AVS	94710-B
AVS 94720-B	AVS	94720-B
AVS 94722-B	AVS	94722-B
AVS 94733-B	AVS	94733-B
AVS 94736-B	AVS	94736-B
AVS 94738-B	AVS	94738-B
AVS 94740-B	AVS	94740-B
AVS 94744-B	AVS	94744-B
AVS 94751-B	AVS	94751-B
AVS 94761-B	AVS	94761-B
AVS 94802-B	AVS	94802-B
AVS 94808-B	AVS	94808-B
AVS 94810-B	AVS	94810-B
AVS 94815-B	AVS	94815-B
AVS 94819-B	AVS	94819-B
AVS 94822-B	AVS	94822-B
AVS 94831-B	AVS	94831-B
AVS 94843-B	AVS	94843-B
AVS 94845-B	AVS	94845-B
AVS 94847-B	AVS	94847-B
AVS 94853-B	AVS	94853-B
AVS 94858-B	AVS	94858-B
AVS 94914-B	AVS	94914-B
AVS 94921-B	AVS	94921-B
AVS 94924-B	AVS	94924-B
AVS 94943-B	AVS	94943-B
AVS 94944-B	AVS	94944-B
AVS 94948-B	AVS	94948-B
AVS 94949-B	AVS	94949-B
AVS 94953-B	AVS	94953-B
AVS 94960-B	AVS	94960-B
AVS 94961-B	AVS	94961-B
AVS 94962-B	AVS	94962-B
AVS 94964-B	AVS	94964-B
AVS 94968-B	AVS	94968-B
